{"providers": [
    {"chars": ["ꒂ"], "file": "ranks/owner.png", "ascent": 9, "height": 11, "type": "bitmap"}, 
    {"chars": ["ꒃ"], "file": "ranks/manager.png", "ascent": 9, "height": 11, "type": "bitmap"}, 
    {"chars": ["ꒄ"], "file": "ranks/dev.png", "ascent": 9, "height": 11, "type": "bitmap"}, 
    {"chars": ["₴"], "file": "ranks/sradmin.png", "ascent": 9, "height": 11, "type": "bitmap"}, 
    {"chars": ["ꒅ"], "file": "ranks/admin.png", "ascent": 9, "height": 11, "type": "bitmap"}, 
    {"chars": ["¶"], "file": "ranks/jradmin.png", "ascent": 9, "height": 11, "type": "bitmap"}, 
    {"chars": ["ꒆ"], "file": "ranks/srmod.png", "ascent": 9, "height": 11, "type": "bitmap"}, 
    {"chars": ["ꒇ"], "file": "ranks/mod.png", "ascent": 9, "height": 11, "type": "bitmap"}, 
    {"chars": ["ꒈ"], "file": "ranks/helper.png", "ascent": 9, "height": 11, "type": "bitmap"}, 
    {"chars": ["ꒉ"], "file": "ranks/default.png", "ascent": 9, "height": 11, "type": "bitmap"}, 
    {"chars": ["ꒊ"], "file": "ranks/void.png", "ascent": 9, "height": 11, "type": "bitmap"}, 
    {"chars": ["ꒋ"], "file": "ranks/warden.png", "ascent": 9, "height": 11, "type": "bitmap"}, 
    {"chars": ["ꒌ"], "file": "ranks/custom.png", "ascent": 9, "height": 11, "type": "bitmap"}, 
    {"chars": ["꒍"], "file": "ranks/infinity.png", "ascent": 9, "height": 11, "type": "bitmap"}, 
    {"chars": ["꒎"], "file": "ranks/soldier.png", "ascent": 9, "height": 11, "type": "bitmap"}, 
    {"chars": ["꒏"], "file": "ranks/elite.png", "ascent": 9, "height": 11, "type": "bitmap"}, 
    {"chars": ["꒐"], "file": "ranks/mvp.png", "ascent": 9, "height": 11, "type": "bitmap"}, 
    {"chars": ["꒑"], "file": "ranks/hero.png", "ascent": 9, "height": 11, "type": "bitmap"}, 
    {"chars": ["꒒"], "file": "ranks/vip.png", "ascent": 9, "height": 11, "type": "bitmap"}, 
    {"chars": ["꒓"], "file": "ranks/booster.png", "ascent": 9, "height": 11, "type": "bitmap"}, 
    {"chars": ["꒔"], "file": "ranks/media.png", "ascent": 9, "height": 11, "type": "bitmap"}
]}